tcr_id,TRA_v_gene,TRA_j_gene,TRA_cdr3,TRA_cdr3_nt,TRB_v_gene,TRB_j_gene,TRB_c_gene,TRB_cdr3,TRB_cdr3_nt,TRA_CDR1_nn,TRA_CDR1_aa,TRA_CDR2_nn,TRA_CDR2_aa,TRB_CDR1_nn,TRB_CDR1_aa,TRB_CDR2_nn,TRB_CDR2_aa,TRA_contig_id,TRB_contig_id,TRA_full_contig,TRB_full_contig
CALSEANNQGGKLIF|CASSLAPRNEQFF,TRAV19,TRAJ23,CALSEANNQGGKLIF,TGTGCTCTGAGTGAGGCCAATAACCAGGGAGGAAAGCTTATCTTC,TRBV5-1,TRBJ2-1,TRBC2,CASSLAPRNEQFF,TGCGCCAGCAGCTTGGCCCCTAGGAATGAGCAGTTCTTC,ACCCGTGATACTACTTATTAC,TRDTTYY,CGGAACTCTTTTGATGAGCAAAAT,RNSFDEQN,TCTGGGCATAGGAGT,SGHRS,TACTTCAGTGAGACACAG,YFSETQ,AAGCTTTAGAACGCGA-1_contig_2,GGGCGTACAGTCAACT-1_contig_1,GAGAAGCCTCACACAGCCCAGTAACTTTGCTAGTACCTCTTGAGTGCAAGGTGGAGAATTAAGATCTGGATTTGAGACGGAGCACGGAACATTTCACTCAGGGGAAGAGCTATGAACATGCTGACTGCCAGCCTGTTGAGGGCAGTCATAGCCTCCATCTGTGTTGTATCCAGCATGGCTCAGAAGGTAACTCAAGCGCAGACTGAAATTTCTGTGGTGGAGAAGGAGGATGTGACCTTGGACTGTGTGTATGAAACCCGTGATACTACTTATTACTTATTCTGGTACAAGCAACCACCAAGTGGAGAATTGGTTTTCCTTATTCGTCGGAACTCTTTTGATGAGCAAAATGAAATAAGTGGTCGGTATTCTTGGAACTTCCAGAAATCCACCAGTTCCTTCAACTTCACCATCACAGCCTCACAAGTCGTGGACTCAGCAGTATACTTCTGTGCTCTGAGTGAGGCCAATAACCAGGGAGGAAAGCTTATCTTCGGACAGGGAACGGAGTTATCTGTGAAACCCAATATCCAGAACCCTGACCCTGCCGTGTACCAGCTGAGAGACT,AGGAGGACCAAGCCCTGAGCACAGACACAGTGCTGCCTGCCCCTTTGTGCCATGGGCTCCAGGCTGCTCTGTTGGGTGCTGCTTTGTCTCCTGGGAGCAGGCCCAGTAAAGGCTGGAGTCACTCAAACTCCAAGATATCTGATCAAAACGAGAGGACAGCAAGTGACACTGAGCTGCTCCCCTATCTCTGGGCATAGGAGTGTATCCTGGTACCAACAGACCCCAGGACAGGGCCTTCAGTTCCTCTTTGAATACTTCAGTGAGACACAGAGAAACAAAGGAAACTTCCCTGGTCGATTCTCAGGGCGCCAGTTCTCTAACTCTCGCTCTGAGATGAATGTGAGCACCTTGGAGCTGGGGGACTCGGCCCTTTATCTTTGCGCCAGCAGCTTGGCCCCTAGGAATGAGCAGTTCTTCGGGCCAGGGACACGGCTCACCGTGCTAGAGGACCTGAAAAACGTGTTCCCACCCGAGGTCGCTGTGTTTGAGCCATCAGA
CAVNPGGYNKLIF|CAISESSAVEGDEQYF,TRAV1-2,TRAJ4,CAVNPGGYNKLIF,TGTGCTGTGAACCCTGGTGGCTACAATAAGCTGATTTTT,TRBV10-3,TRBJ2-7,TRBC2,CAISESSAVEGDEQYF,TGTGCCATCAGTGAGAGTAGCGCGGTAGAGGGGGACGAGCAGTACTTC,ACATCTGGGTTCAACGGG,TSGFNG,AATGTTCTGGATGGTTTG,NVLDGL,GAGAACCACCGCTAT,ENHRY,TCATATGGTGTTAAAGAT,SYGVKD,AGGTTCTCAAGCTTTA-1_contig_1,AGGTTCTCAAGCTTTA-1_contig_2,CCCACATGAAGTGTCTACCTTCTGCAGACTCCAATGGCTCAGGAACTGGGAATGCAGTGCCAGGCTCGTGGTATCCTGCAGCAGATGTGGGGAGTTTTCCTTCTTTATGTTTCCATGAAGATGGGAGGCACTACAGGACAAAACATTGACCAGCCCACTGAGATGACAGCTACGGAAGGTGCCATTGTCCAGATCAACTGCACGTACCAGACATCTGGGTTCAACGGGCTGTTCTGGTACCAGCAACATGCTGGCGAAGCACCCACATTTCTGTCTTACAATGTTCTGGATGGTTTGGAGGAGAAAGGTCGTTTTTCTTCATTCCTTAGTCGGTCTAAAGGGTACAGTTACCTCCTTTTGAAGGAGCTCCAGATGAAAGACTCTGCCTCTTACCTCTGTGCTGTGAACCCTGGTGGCTACAATAAGCTGATTTTTGGAGCAGGGACCAGGCTGGCTGTACACCCATATATCCAGAACCCTGACCCTGCCGTGTACCAGCTGAGAGACT,ATGAGATCCTGGCCTGGACCTGAAATGGGCACAAGGTTGTTCTTCTATGTGGCCCTTTGTCTCCTGTGGACAGGACACATGGATGCTGGAATCACCCAGAGCCCAAGACACAAGGTCACAGAGACAGGAACACCAGTGACTCTGAGATGTCACCAGACTGAGAACCACCGCTATATGTACTGGTATCGACAAGACCCGGGGCATGGGCTGAGGCTGATCCATTACTCATATGGTGTTAAAGATACTGACAAAGGAGAAGTCTCAGATGGCTATAGTGTCTCTAGATCAAAGACAGAGGATTTCCTCCTCACTCTGGAGTCCGCTACCAGCTCCCAGACATCTGTGTACTTCTGTGCCATCAGTGAGAGTAGCGCGGTAGAGGGGGACGAGCAGTACTTCGGGCCGGGCACCAGGCTCACGGTCACAGAGGACCTGAAAAACGTGTTCCCACCCGAGGTCGCTGTGTTTGAGCCATCAGA
CAVIGSAGNQFYF|CASSPAVTDTQYF,TRAV21,TRAJ49,CAVIGSAGNQFYF,TGTGCTGTGATTGGGTCGGCCGGTAACCAGTTCTATTTT,TRBV7-3,TRBJ2-3,TRBC2,CASSPAVTDTQYF,TGTGCCAGCAGCCCCGCAGTCACAGATACGCAGTATTTT,GATAGCGCTATTTACAAC,DSAIYN,ATTCAGTCAAGTCAGAGAGAG,IQSSQRE,TCAGGTCATACTGCC,SGHTA,TTCCAAGGCACGGGTGCG,FQGTGA,AGTCCATCAGCTAGAA-1_contig_2,AGTCCATCAGCTAGAA-1_contig_1,TGGGGAGAGTGTTTATCTTGTGAGCCATTCTCCATATTTCAGATATAAGATTTCAGTTCTCAGTGAGTCTAAGTGACAGAAGGAATGGAGACCCTCTTGGGCCTGCTTATCCTTTGGCTGCAGCTGCAATGGGTGAGCAGCAAACAGGAGGTGACGCAGATTCCTGCAGCTCTGAGTGTCCCAGAAGGAGAAAACTTGGTTCTCAACTGCAGTTTCACTGATAGCGCTATTTACAACCTCCAGTGGTTTAGGCAGGACCCTGGGAAAGGTCTCACATCTCTGTTGCTTATTCAGTCAAGTCAGAGAGAGCAAACAAGTGGAAGACTTAATGCCTCGCTGGATAAATCATCAGGACGTAGTACTTTATACATTGCAGCTTCTCAGCCTGGTGACTCAGCCACCTACCTCTGTGCTGTGATTGGGTCGGCCGGTAACCAGTTCTATTTTGGGACAGGGACAAGTTTGACGGTCATTCCAAATATCCAGAACCCTGACCCTGCCGTGTACCAGCTGAGAGACT,GGGACAGTGACCCTGATCTGGTAAAGCTCCCATCCTGCCCTGACTCTGTCATGGGCACCAGGCTCCTCTGCTGGGCAGCCCTGTGCCTCCTGGGGGCAGATCACACAGGTGCTGGAGTCTCCCAGACCCCCAGTAACAAGGTCACAGAGAAGGGAAAATATGTAGAGCTCAGGTGTGATCCAATTTCAGGTCATACTGCCCTTTACTGGTACCGACAAAGCCTGGGGCAGGGCCCAGAGTTTCTAATTTACTTCCAAGGCACGGGTGCGGCAGATGACTCAGGGCTGCCCAACGATCGGTTCTTTGCAGTCAGGCCTGAGGGATCCGTCTCTACTCTGAAGATCCAGCGCACAGAGCGGGGGGACTCAGCCGTGTATCTCTGTGCCAGCAGCCCCGCAGTCACAGATACGCAGTATTTTGGCCCAGGCACCCGGCTGACAGTGCTCGAGGACCTGAAAAACGTGTTCCCACCCGAGGTCGCTGTGTTTGAGCCATCAGA
CAFSAYNNAGNMLTF|CASSATHPQQNTEAFF,TRAV24,TRAJ39,CAFSAYNNAGNMLTF,TGTGCCTTTAGTGCCTATAATAATGCAGGCAACATGCTCACCTTT,TRBV2,TRBJ1-1,TRBC1,CASSATHPQQNTEAFF,TGTGCCAGCAGTGCTACACATCCACAACAGAACACTGAAGCTTTCTTT,TCCAGCAATTTTTATGCC,SSNFYA,ATGACTTTAAATGGGGATGAA,MTLNGDE,TCTAATCACTTATAC,SNHLY,TTTTATAATAATGAAATC,FYNNEI,ACGCGAGCACGTTATA-1_contig_2,ACGCGAGCACGTTATA-1_contig_1,GGGGGTTTTTCTGCTGTGGGTACGTGAGCAGGAAACATGGAGAAGAATCCTTTGGCAGCCCCATTACTAATCCTCTGGTTTCATCTTGACTGCGTGAGCAGCATACTGAACGTGGAACAAAGTCCTCAGTCACTGCATGTTCAGGAGGGAGACAGCACCAATTTCACCTGCAGCTTCCCTTCCAGCAATTTTTATGCCTTACACTGGTACAGATGGGAAACTGCAAAAAGCCCCGAGGCCTTGTTTGTAATGACTTTAAATGGGGATGAAAAGAAGAAAGGACGAATAAGTGCCACTCTTAATACCAAGGAGGGTTACAGCTATTTGTACATCAAAGGATCCCAGCCTGAAGACTCAGCCACATACCTCTGTGCCTTTAGTGCCTATAATAATGCAGGCAACATGCTCACCTTTGGAGGGGGAACAAGGTTAATGGTCAAACCCCATATCCAGAACCCTGACCCTGCCGTGTACCAGCTGAGAGACT,ATTCCTGCTGTGATCCTGCCATGGATACCTGGCTCGTATGCTGGGCAATTTTTAGTCTCTTGAAAGCAGGACTCACAGAACCTGAAGTCACCCAGACTCCCAGCCATCAGGTCACACAGATGGGACAGGAAGTGATCTTGCGCTGTGTCCCCATCTCTAATCACTTATACTTCTATTGGTACAGACAAATCTTGGGGCAGAAAGTCGAGTTTCTGGTTTCCTTTTATAATAATGAAATCTCAGAGAAGTCTGAAATATTCGATGATCAATTCTCAGTTGAAAGGCCTGATGGATCAAATTTCACTCTGAAGATCCGGTCCACAAAGCTGGAGGACTCAGCCATGTACTTCTGTGCCAGCAGTGCTACACATCCACAACAGAACACTGAAGCTTTCTTTGGACAAGGCACCAGACTCACAGTTGTAGAGGACCTGAACAAGGTGTTCCCACCCGAGGTCGCTGTGTTTGAGCCATCAGA
CAYCSREGSQGNLIF|CASSFSSSGYNEQFF,TRAV38-2/DV8,TRAJ42,CAYCSREGSQGNLIF,TGTGCTTATTGCTCTAGAGAGGGAAGCCAAGGAAATCTCATCTTT,TRBV19,TRBJ2-1,TRBC2,CASSFSSSGYNEQFF,TGTGCCAGTAGTTTTTCCTCTAGCGGTTACAATGAGCAGTTCTTC,ACCAGTGAGAGTGATTATTAT,TSESDYY,CAAGAAGCTTATAAGCAACAGAAT,QEAYKQQN,TTGAACCACGATGCC,LNHDA,TCACAGATAGTAAATGAC,SQIVND,CAATCCAAGGGGGTTA-1_contig_2,ATGTGCGGTAGGTAAG-1_contig_1,AGATCAGAAGAGGAGGCTTCTCACCCTGCAGCAGGGACCTGTGAGCATGGCATGCCCTGGCTTCCTGTGGGCACTTGTGATCTCCACCTGTCTTGAATTTAGCATGGCTCAGACAGTCACTCAGTCTCAACCAGAGATGTCTGTGCAGGAGGCAGAGACCGTGACCCTGAGCTGCACATATGACACCAGTGAGAGTGATTATTATTTATTCTGGTACAAGCAGCCTCCCAGCAGGCAGATGATTCTCGTTATTCGCCAAGAAGCTTATAAGCAACAGAATGCAACAGAGAATCGTTTCTCTGTGAACTTCCAGAAAGCAGCCAAATCCTTCAGTCTCAAGATCTCAGACTCACAGCTGGGGGATGCCGCGATGTATTTCTGTGCTTATTGCTCTAGAGAGGGAAGCCAAGGAAATCTCATCTTTGGAAAAGGCACTAAACTCTCTGTTAAACCAAATATCCAGAACCCTGACCCTGCCGTGTACCAGCTGAGAGACT,ACATTAGGCCAGGAGAAGCCCCCGAGCCAAGTCTCTTTTCTCATTCTCTTCCAACAAGTGCTTGGAGCTCCAAGAAGGCCCCCTTTGCACTATGAGCAACCAGGTGCTCTGCTGTGTGGTCCTTTGTTTCCTGGGAGCAAACACCGTGGATGGTGGAATCACTCAGTCCCCAAAGTACCTGTTCAGAAAGGAAGGACAGAATGTGACCCTGAGTTGTGAACAGAATTTGAACCACGATGCCATGTACTGGTACCGACAGGACCCAGGGCAAGGGCTGAGATTGATCTACTACTCACAGATAGTAAATGACTTTCAGAAAGGAGATATAGCTGAAGGGTACAGCGTCTCTCGGGAGAAGAAGGAATCCTTTCCTCTCACTGTGACATCGGCCCAAAAGAACCCGACAGCTTTCTATCTCTGTGCCAGTAGTTTTTCCTCTAGCGGTTACAATGAGCAGTTCTTCGGGCCAGGGACACGGCTCACCGTGCTAGAGGACCTGAAAAACGTGTTCCCACCCGAGGTCGCTGTGTTTGAGCCATCAGA
CAMSEYQGAQKLVF|CASSESALKLNQPQHF,TRAV12-3,TRAJ54,CAMSEYQGAQKLVF,TGTGCAATGAGCGAGTATCAGGGAGCCCAGAAGCTGGTATTT,TRBV10-2,TRBJ1-5,TRBC1,CASSESALKLNQPQHF,TGCGCCAGCAGTGAGTCGGCCTTGAAACTCAATCAGCCCCAGCATTTT,AACAGTGCTTTTCAATAC,NSAFQY,ACATACTCCAGTGGTAAC,TYSSGN,TGGAGCCACAGCTAT,WSHSY,TCAGCAGCTGCTGATATT,SAAADI,CTGATTGAGCTAACAT-1_contig_2,CTGATTGAGCTAACAT-1_contig_1,ATTATTTTTTTTTCGTGTTTAAGGTTTGAATCCTCAGTGAACCAGGGCAGAAAAGAATGATGAAATCCTTGAGAGTTTTACTGGTGATCCTGTGGCTTCAGTTAAGCTGGGTTTGGAGCCAACAGAAGGAGGTGGAGCAGGATCCTGGACCACTCAGTGTTCCAGAGGGAGCCATTGTTTCTCTCAACTGCACTTACAGCAACAGTGCTTTTCAATACTTCATGTGGTACAGACAGTATTCCAGAAAAGGCCCTGAGTTGCTGATGTACACATACTCCAGTGGTAACAAAGAAGATGGAAGGTTTACAGCACAGGTCGATAAATCCAGCAAGTATATCTCCTTGTTCATCAGAGACTCACAGCCCAGTGATTCAGCCACCTACCTCTGTGCAATGAGCGAGTATCAGGGAGCCCAGAAGCTGGTATTTGGCCAAGGAACCAGGCTGACTATCAACCCAAATATCCAGAACCCTGACCCTGCCGTGTACCAGCTGAGAGACT,ACAAGATCCTGCCCTGGAGCTGAAATGGGCACCAGGCTCTTCTTCTATGTGGCCCTTTGTCTGCTGTGGGCAGGACACAGGGATGCTGGAATCACCCAGAGCCCAAGATACAAGATCACAGAGACAGGAAGGCAGGTGACCTTGATGTGTCACCAGACTTGGAGCCACAGCTATATGTTCTGGTATCGACAAGACCTGGGACATGGGCTGAGGCTGATCTATTACTCAGCAGCTGCTGATATTACAGATAAAGGAGAAGTCCCCGATGGCTATGTTGTCTCCAGATCCAAGACAGAGAATTTCCCCCTCACTCTGGAGTCAGCTACCCGCTCCCAGACATCTGTGTATTTCTGCGCCAGCAGTGAGTCGGCCTTGAAACTCAATCAGCCCCAGCATTTTGGTGATGGGACTCGACTCTCCATCCTAGAGGACCTGAACAAGGTGTTCCCACCCGAGGTCGCTGTGTTTGAGCCATCAGA
CAFPPGTYKYIF|CASSSGLAFEQYF,TRAV24,TRAJ40,CAFPPGTYKYIF,TGTGCCTTCCCTCCAGGAACCTACAAATACATCTTT,TRBV27,TRBJ2-7,TRBC2,CASSSGLAFEQYF,TGTGCCAGCAGTTCGGGACTAGCTTTCGAGCAGTACTTC,TCCAGCAATTTTTATGCC,SSNFYA,ATGACTTTAAATGGGGATGAA,MTLNGDE,ATGAACCATGAGTAT,MNHEY,TCAATGAATGTTGAGGTG,SMNVEV,ACTCGGGTCGCTGGCA-1_contig_2,AACCCAATCCAACATG-1_contig_1,TGGGGGCTGCAAAACGTTTTTCTGCTGTGGGTACGTGAGCAGGAAACATGGAGAAGAATCCTTTGGCAGCCCCATTACTAATCCTCTGGTTTCATCTTGACTGCGTGAGCAGCATACTGAACGTGGAACAAAGTCCTCAGTCACTGCATGTTCAGGAGGGAGACAGCACCAATTTCACCTGCAGCTTCCCTTCCAGCAATTTTTATGCCTTACACTGGTACAGATGGGAAACTGCAAAAAGCCCCGAGGCCTTGTTTGTAATGACTTTAAATGGGGATGAAAAGAAGAAAGGACGAATAAGTGCCACTCTTAATACCAAGGAGGGTTACAGCTATTTGTACATCAAAGGATCCCAGCCTGAAGACTCAGCCACATACCTCTGTGCCTTCCCTCCAGGAACCTACAAATACATCTTTGGAACAGGCACCAGGCTGAAGGTTTTAGCAAATATCCAGAACCCTGACCCTGCCGTGTACCAGCTGAGAGACT,ACCTGGAGCCCCCAGAACTGGCAGACACCTGCCTGATGCTGCCATGGGCCCCCAGCTCCTTGGCTATGTGGTCCTTTGCCTTCTAGGAGCAGGCCCCCTGGAAGCCCAAGTGACCCAGAACCCAAGATACCTCATCACAGTGACTGGAAAGAAGTTAACAGTGACTTGTTCTCAGAATATGAACCATGAGTATATGTCCTGGTATCGACAAGACCCAGGGCTGGGCTTAAGGCAGATCTACTATTCAATGAATGTTGAGGTGACTGATAAGGGAGATGTTCCTGAAGGGTACAAAGTCTCTCGAAAAGAGAAGAGGAATTTCCCCCTGATCCTGGAGTCGCCCAGCCCCAACCAGACCTCTCTGTACTTCTGTGCCAGCAGTTCGGGACTAGCTTTCGAGCAGTACTTCGGGCCGGGCACCAGGCTCACGGTCACAGAGGACCTGAAAAACGTGTTCCCACCCGAGGTCGCTGTGTTTGAGCCATCAGA
CAHMEYGNKLVF|CASSPFSGRRGDEQFF,TRAV19,TRAJ47,CAHMEYGNKLVF,TGTGCTCACATGGAATATGGAAACAAACTGGTCTTT,TRBV7-9,TRBJ2-1,TRBC2,CASSPFSGRRGDEQFF,TGTGCCAGCAGCCCATTTAGCGGGAGGCGGGGCGATGAGCAGTTCTTC,ACCCGTGATACTACTTATTAC,TRDTTYY,CGGAACTCTTTTGATGAGCAAAAT,RNSFDEQN,TCTGAACACAACCGC,SEHNR,TTCCAGAATGAAGCTCAA,FQNEAQ,ACCTTCGTCGTATACG-1_contig_2,ACCTTCGTCGTATACG-1_contig_1,GAGAAGCCTCACACAGCCCAGTAACTTTGCTAGTACCTCTTGAGTGCAAGGTGGAGAATTAAGATCTGGATTTGAGACGGAGCACGGAACATTTCACTCAGGGGAAGAGCTATGAACATGCTGACTGCCAGCCTGTTGAGGGCAGTCATAGCCTCCATCTGTGTTGTATCCAGCATGGCTCAGAAGGTAACTCAAGCGCAGACTGAAATTTCTGTGGTGGAGAAGGAGGATGTGACCTTGGACTGTGTGTATGAAACCCGTGATACTACTTATTACTTATTCTGGTACAAGCAACCACCAAGTGGAGAATTGGTTTTCCTTATTCGTCGGAACTCTTTTGATGAGCAAAATGAAATAAGTGGTCGGTATTCTTGGAACTTCCAGAAATCCACCAGTTCCTTCAACTTCACCATCACAGCCTCACAAGTCGTGGACTCAGCAGTATACTTCTGTGCTCACATGGAATATGGAAACAAACTGGTCTTTGGCGCAGGAACCATTCTGAGAGTCAAGTCCTATATCCAGAACCCTGACCCTGCCGTGTACCAGCTGAGAGACT,TGGGGACAGTGACCCTGATCTGGTAAAGCTCCCATCCTGCCCTGACCCTGCCATGGGCACCAGCCTCCTCTGCTGGATGGCCCTGTGTCTCCTGGGGGCAGATCACGCAGATACTGGAGTCTCCCAGGACCCCAGACACAAGATCACAAAGAGGGGACAGAATGTAACTTTCAGGTGTGATCCAATTTCTGAACACAACCGCCTTTATTGGTACCGACAGACCCTGGGGCAGGGCCCAGAGTTTCTGACTTACTTCCAGAATGAAGCTCAACTAGAAAAATCAAGGCTGCTCAGTGATCGGTTCTCTGCAGAGAGGCCTAAGGGATCTTTCTCCACCTTGGAGATCCAGCGCACAGAGCAGGGGGACTCGGCCATGTATCTCTGTGCCAGCAGCCCATTTAGCGGGAGGCGGGGCGATGAGCAGTTCTTCGGGCCAGGGACACGGCTCACCGTGCTAGAGGACCTGAAAAACGTGTTCCCACCCGAGGTCGCTGTGTTTGAGCCATCAGA
CAVNGDAGGTSYGKLTF|CSAGTASYNEQFF,TRAV12-2,TRAJ52,CAVNGDAGGTSYGKLTF,TGTGCCGTGAACGGGGATGCTGGTGGTACTAGCTACGGAAAGCTGACATTT,TRBV29-1,TRBJ2-1,TRBC2,CSAGTASYNEQFF,TGCAGCGCCGGGACAGCCTCCTACAATGAGCAGTTCTTC,GACCGAGGTTCCCAGTCC,DRGSQS,ATATACTCCAATGGTGAC,IYSNGD,AGCCAAGTCACCATG,SQVTM,GCAAATCAGGGCTCTGAGGCC,ANQGSEA,AATGGAGGTGTCCTTA-1_contig_1,AATGGAGGTGTCCTTA-1_contig_2,AAAGCAGATTCTTTTTATGATTTTTAAAGTAGAAATATCCATTCCAGGTGCATTTTTTAAGGGTTTAAAATTTGAATCCTCAGTGAACCAGGGCAGAGAAGAATGATGAAATCCTTGAGAGTTTTACTAGTGATCCTGTGGCTTCAGTTGAGCTGGGTTTGGAGCCAACAGAAGGAGGTGGAGCAGAATTCTGGACCCCTCAGTGTTCCAGAGGGAGCCATTGCCTCTCTCAACTGCACTTACAGTGACCGAGGTTCCCAGTCCTTCTTCTGGTACAGACAATATTCTGGGAAAAGCCCTGAGTTGATAATGTCCATATACTCCAATGGTGACAAAGAAGATGGAAGGTTTACAGCACAGCTCAATAAAGCCAGCCAGTATGTTTCTCTGCTCATCAGAGACTCCCAGCCCAGTGATTCAGCCACCTACCTCTGTGCCGTGAACGGGGATGCTGGTGGTACTAGCTACGGAAAGCTGACATTTGGACAAGGGACCATCTTGACTGTCCATCCAAATATCCAGAACCCTGACCCTGCCGTGTACCAGCTGAGAGACT,ACTTCTTAGTGCCTTTTCTCAGGGGAGAGGCCATCACTTGAAGATGCTGAGTCTTCTGCTCCTTCTCCTGGGACTAGGCTCTGTGTTCAGTGCTGTCATCTCTCAAAAGCCAAGCAGGGATATCTGTCAACGTGGAACCTCCCTGACGATCCAGTGTCAAGTCGATAGCCAAGTCACCATGATGTTCTGGTACCGTCAGCAACCTGGACAGAGCCTGACACTGATCGCAACTGCAAATCAGGGCTCTGAGGCCACATATGAGAGTGGATTTGTCATTGACAAGTTTCCCATCAGCCGCCCAAACCTAACATTCTCAACTCTGACTGTGAGCAACATGAGCCCTGAAGACAGCAGCATATATCTCTGCAGCGCCGGGACAGCCTCCTACAATGAGCAGTTCTTCGGGCCAGGGACACGGCTCACCGTGCTAGAGGACCTGAAAAACGTGTTCCCACCCGAGGTCGCTGTGTTTGAGCCATCAGA
CAVNGDAGGTSYGKLTF|CSAGTASYNEQFF,TRAV12-2,TRAJ52,CAVNGDAGGTSYGKLTF,TGTGCCGTGAACGGGGATGCTGGTGGTACTAGCTACGGAAAGCTGACATTT,TRBV29-1,TRBJ2-1,TRBC2,CSAGTASYNEQFF,TGCAGCGCCGGGACAGCCTCCTACAATGAGCAGTTCTTC,GACCGAGGTTCCCAGTCC,DRGSQS,ATATACTCCAATGGTGAC,IYSNGD,AGCCAAGTCACCATG,SQVTM,GCAAATCAGGGCTCTGAGGCC,ANQGSEA,AATGGAGGTGTCCTTA-1_contig_1,AATGGAGGTGTCCTTA-1_contig_2,AAAGCAGATTCTTTTTATGATTTTTAAAGTAGAAATATCCATTCCAGGTGCATTTTTTAAGGGTTTAAAATTTGAATCCTCAGTGAACCAGGGCAGAGAAGAATGATGAAATCCTTGAGAGTTTTACTAGTGATCCTGTGGCTTCAGTTGAGCTGGGTTTGGAGCCAACAGAAGGAGGTGGAGCAGAATTCTGGACCCCTCAGTGTTCCAGAGGGAGCCATTGCCTCTCTCAACTGCACTTACAGTGACCGAGGTTCCCAGTCCTTCTTCTGGTACAGACAATATTCTGGGAAAAGCCCTGAGTTGATAATGTCCATATACTCCAATGGTGACAAAGAAGATGGAAGGTTTACAGCACAGCTCAATAAAGCCAGCCAGTATGTTTCTCTGCTCATCAGAGACTCCCAGCCCAGTGATTCAGCCACCTACCTCTGTGCCGTGAACGGGGATGCTGGTGGTACTAGCTACGGAAAGCTGACATTTGGACAAGGGACCATCTTGACTGTCCATCCAAATATCCAGAACCCTGACCCTGCCGTGTACCAGCTGAGAGACT,ACTTCTTAGTGCCTTTTCTCAGGGGAGAGGCCATCACTTGAAGATGCTGAGTCTTCTGCTCCTTCTCCTGGGACTAGGCTCTGTGTTCAGTGCTGTCATCTCTCAAAAGCCAAGCAGGGATATCTGTCAACGTGGAACCTCCCTGACGATCCAGTGTCAAGTCGATAGCCAAGTCACCATGATGTTCTGGTACCGTCAGCAACCTGGACAGAGCCTGACACTGATCGCAACTGCAAATCAGGGCTCTGAGGCCACATATGAGAGTGGATTTGTCATTGACAAGTTTCCCATCAGCCGCCCAAACCTAACATTCTCAACTCTGACTGTGAGCAACATGAGCCCTGAAGACAGCAGCATATATCTCTGCAGCGCCGGGACAGCCTCCTACAATGAGCAGTTCTTCGGGCCAGGGACACGGCTCACCGTGCTAGAGGACCTGAAAAACGTGTTCCCACCCGAGGTCGCTGTGTTTGAGCCATCAGA
CALSEALGADGQKLLF|CASSLGSSYEQYF,TRAV19,TRAJ16,CALSEALGADGQKLLF,TGTGCTCTGAGTGAGGCGCTTGGGGCAGATGGCCAGAAGCTGCTCTTT,TRBV7-9,TRBJ2-7,TRBC2,CASSLGSSYEQYF,TGTGCCAGCAGCTTAGGGAGCTCCTACGAGCAGTACTTC,ACCCGTGATACTACTTATTAC,TRDTTYY,CGGAACTCTTTTGATGAGCAAAAT,RNSFDEQN,TCTGAACACAACCGC,SEHNR,TTCCAGAATGAAGCTCAA,FQNEAQ,AAGCATCGTGGAATTC-1_contig_2,AACGAAGGTAGGAGTA-1_contig_1,GAGAAGCCTCACACAGCCCAGTAACTTTGCTAGTACCTCTTGAGTGCAAGGTGGAGAATTAAGATCTGGATTTGAGACGGAGCACGGAACATTTCACTCAGGGGAAGAGCTATGAACATGCTGACTGCCAGCCTGTTGAGGGCAGTCATAGCCTCCATCTGTGTTGTATCCAGCATGGCTCAGAAGGTAACTCAAGCGCAGACTGAAATTTCTGTGGTGGAGAAGGAGGATGTGACCTTGGACTGTGTGTATGAAACCCGTGATACTACTTATTACTTATTCTGGTACAAGCAACCACCAAGTGGAGAATTGGTTTTCCTTATTCGTCGGAACTCTTTTGATGAGCAAAATGAAATAAGTGGTCGGTATTCTTGGAACTTCCAGAAATCCACCAGTTCCTTCAACTTCACCATCACAGCCTCACAAGTCGTGGACTCAGCAGTATACTTCTGTGCTCTGAGTGAGGCGCTTGGGGCAGATGGCCAGAAGCTGCTCTTTGCAAGGGGGACCATGTTAAAGGTGGATCTTAATATCCAGAACCCTGACCCTGCCGTGTACCAGCTGAGAGACT,GGTAGGAGTACCGCTTGCTTCCTTGCTTATTATGGGGACAGTGACCCTGATCTGGTAAAGCTCCCATCCTGCCCTGACCCTGCCATGGGCACCAGCCTCCTCTGCTGGATGGCCCTGTGTCTCCTGGGGGCAGATCACGCAGATACTGGAGTCTCCCAGAACCCCAGACACAAGATCACAAAGAGGGGACAGAATGTAACTTTCAGGTGTGATCCAATTTCTGAACACAACCGCCTTTATTGGTACCGACAGACCCTGGGGCAGGGCCCAGAGTTTCTGACTTACTTCCAGAATGAAGCTCAACTAGAAAAATCAAGGCTGCTCAGTGATCGGTTCTCTGCAGAGAGGCCTAAGGGATCTTTCTCCACCTTGGAGATCCAGCGCACAGAGCAGGGGGACTCGGCCATGTATCTCTGTGCCAGCAGCTTAGGGAGCTCCTACGAGCAGTACTTCGGGCCGGGCACCAGGCTCACGGTCACAGAGGACCTGAAAAACGTGTTCCCACCCGAGGTCGCTGTGTTTGAGCCATCAGA
CALNYLRDSNYQLIW|CASSLYGTVNYEQYF,TRAV9-2,TRAJ33,CALNYLRDSNYQLIW,TGTGCTCTGAACTACCTGAGGGATAGCAACTATCAGTTAATCTGG,TRBV7-8,TRBJ2-7,TRBC2,CASSLYGTVNYEQYF,TGTGCCAGCAGCTTATACGGGACGGTTAACTACGAGCAGTACTTC,GCCACAGGATACCCTTCC,ATGYPS,GCCACGAAGGCTGATGACAAG,ATKADDK,TCGGGTCATGTATCC,SGHVS,TTCCAGAATGAAGCTCAA,FQNEAQ,AAGCCGCGTGTCGTGA-1_contig_2,AAATCCAGTATCGCAG-1_contig_1,ATGTTAAGGATCAAGACCATTATTTGGGTAACACACTAAAGATGAACTATTCTCCAGGCTTAGTATCTCTGATACTCTTACTGCTTGGAAGAACCCGTGGAGATTCAGTGACCCAGATGGAAGGGCCAGTGACTCTCTCAGAAGAGGCCTTCCTGACTATAAACTGCACGTACACAGCCACAGGATACCCTTCCCTTTTCTGGTATGTCCAATATCCTGGAGAAGGTCTACAGCTCCTCCTGAAAGCCACGAAGGCTGATGACAAGGGAAGCAACAAAGGTTTTGAAGCCACATACCGTAAAGAAACCACTTCTTTCCACTTGGAGAAAGGCTCAGTTCAAGTGTCAGACTCAGCGGTGTACTTCTGTGCTCTGAACTACCTGAGGGATAGCAACTATCAGTTAATCTGGGGCGCTGGGACCAAGCTAATTATAAAGCCAGATATCCAGAACCCTGACCCTGCCGTGTACCAGCTGAGAGACT,TGGGGGCTTCTGTTCACAGTGACACTGATCTGGTAAAGCCCCCATCCTGGCCTGACCCTGCCATGGGCACCAGGCTCCTCTGCTGGGTGGTCCTGGGTTTCCTAGGGACAGATCACACAGGTGCTGGAGTCTCCCAGTCCCCTAGGTACAAAGTCGCAAAGAGAGGACAGGATGTAGCTCTCAGGTGTGATCCAATTTCGGGTCATGTATCCCTTTTTTGGTACCAACAGGCCCTGGGGCAGGGGCCAGAGTTTCTGACTTATTTCCAGAATGAAGCTCAACTAGACAAATCGGGGCTGCCCAGTGATCGCTTCTTTGCAGAAAGGCCTGAGGGATCCGTCTCCACTCTGAAGATCCAGCGCACACAGCAGGAGGACTCCGCCGTGTATCTCTGTGCCAGCAGCTTATACGGGACGGTTAACTACGAGCAGTACTTCGGGCCGGGCACCAGGCTCACGGTCACAGAGGACCTGAAAAACGTGTTCCCACCCGAGGTCGCTGTGTTTGAGCCATCAGA
CILRGDSGGGADGLTF|CASSTDRAPGNTIYF,TRAV26-2,TRAJ45,CILRGDSGGGADGLTF,TGCATCCTGAGAGGGGATTCAGGAGGAGGTGCTGACGGACTCACCTTT,TRBV5-4,TRBJ1-3,TRBC1,CASSTDRAPGNTIYF,TGTGCCAGCAGCACCGACAGGGCTCCTGGAAACACCATATATTTT,ACAATCAGTGGAACTGATTAC,TISGTDY,GGTCTTACAAGCAAT,GLTSN,TCTGGGCACAACACT,SGHNT,TATTATAGGGAGGAAGAG,YYREEE,AGACGGGGTGTCGGGT-1_contig_1,AACATTGGTCATAGCG-1_contig_1,GGGGGATCAGACACAGAGTCTGAGTTCTGGGGCCTGGAACCTCAATGTGCACTTGAACAATGAAGTTGGTGACAAGCATTACTGTACTCCTATCTTTGGGTATTATGGGTGATGCTAAGACCACACAGCCAAATTCAATGGAGAGTAACGAAGAAGAGCCTGTTCACTTGCCTTGTAACCACTCCACAATCAGTGGAACTGATTACATACATTGGTATCGACAGCTTCCCTCCCAGGGTCCAGAGTACGTGATTCATGGTCTTACAAGCAATGTGAACAACAGAATGGCCTCTCTGGCAATCGCTGAAGACAGAAAGTCCAGTACCTTGATCCTGCACCGTGCTACCTTGAGAGATGCTGCTGTGTACTACTGCATCCTGAGAGGGGATTCAGGAGGAGGTGCTGACGGACTCACCTTTGGCAAAGGGACTCATCTAATCATCCAGCCCTATATCCAGAACCCTGACCCTGCCGTGTACCAGCTGAGAGACT,TTCAGCTCTGCAGGACAGGTAGAGACTCCAGGATCATCCACTGAGCACTGGACATAAGGAAGGCTGCATGGGGAGGACTCAGGACAGTGACATCACAGGATACCCCTCCTATTAGGAAAATCAAGGCCCAGAATTCACTCGGCTCTTCCCCAGGAGGACCAAGCCCTGAATCAGGTGCAGTGCTGCCTGCCCCACTGTGCCATGGGCCCTGGGCTCCTCTGCTGGGTGCTGCTTTGTCTCCTGGGAGCAGGCTCAGTGGAGACTGGAGTCACCCAAAGTCCCACACACCTGATCAAAACGAGAGGACAGCAAGTGACTCTGAGATGCTCTTCTCAGTCTGGGCACAACACTGTGTCCTGGTACCAACAGGCCCTGGGTCAGGGGCCCCAGTTTATCTTTCAGTATTATAGGGAGGAAGAGAATGGCAGAGGAAACTTCCCTCCTAGATTCTCAGGTCTCCAGTTCCCTAATTATAGCTCTGAGCTGAATGTGAACGCCTTGGAGCTGGACGACTCGGCCCTGTATCTCTGTGCCAGCAGCACCGACAGGGCTCCTGGAAACACCATATATTTTGGAGAGGGAAGTTGGCTCACTGTTGTAGAGGACCTGAACAAGGTGTTCCCACCCGAGGTCGCTGTGTTTGAGCCATCAGA
CALSEATDRGSTLGRLYF|CASSFFHTDTQYF,TRAV19,TRAJ18,CALSEATDRGSTLGRLYF,TGTGCTCTGAGTGAGGCGACCGACAGAGGCTCAACCCTGGGGAGGCTATACTTT,TRBV19,TRBJ2-3,TRBC2,CASSFFHTDTQYF,TGTGCCAGTAGTTTTTTCCACACAGATACGCAGTATTTT,ACCCGTGATACTACTTATTAC,TRDTTYY,CGGAACTCTTTTGATGAGCAAAAT,RNSFDEQN,TTGAACCACGATGCC,LNHDA,TCACAGATAGTAAATGAC,SQIVND,ACATATGGTCGACAGC-1_contig_1,ACATATGGTCGACAGC-1_contig_2,GAGAAGCCTCACACAGCCCAGTAACTTTGCTAGTACCTCTTGAGTGCAAGGTGGAGAATTAAGATCTGGATTTGAGACGGAGCACGGAACATTTCACTCAGGGGAAGAGCTATGAACATGCTGACTGCCAGCCTGTTGAGGGCAGTCATAGCCTCCATCTGTGTTGTATCCAGCATGGCTCAGAAGGTAACTCAAGCGCAGACTGAAATTTCTGTGGTGGAGAAGGAGGATGTGACCTTGGACTGTGTGTATGAAACCCGTGATACTACTTATTACTTATTCTGGTACAAGCAACCACCAAGTGGAGAATTGGTTTTCCTTATTCGTCGGAACTCTTTTGATGAGCAAAATGAAATAAGTGGTCGGTATTCTTGGAACTTCCAGAAATCCACCAGTTCCTTCAACTTCACCATCACAGCCTCACAAGTCGTGGACTCAGCAGTATACTTCTGTGCTCTGAGTGAGGCGACCGACAGAGGCTCAACCCTGGGGAGGCTATACTTTGGAAGAGGAACTCAGTTGACTGTCTGGCCTGATATCCAGAACCCTGACCCTGCCGTGTACCAGCTGAGAGACT,GTCCTGTCTCCTCATCTGCAAAATTAGGAAGCCTGTCTTGATTATCTCCAGGAACCTCCCACCTCTTCATTCCAGCCTCTGACAAACTCTGCACATTAGGCCAGGAGAAGCCCCCGAGCCAAGTCTCTTTTCTCATTCTCTTCCAACAAGTGCTTGGAGCTCCAAGAAGGCCCCCTTTGCACTATGAGCAACCAGGTGCTCTGCTGTGTGGTCCTTTGTCTCCTGGGAGCAAACACCGTGGATGGTGGAATCACTCAGTCCCCGAAGTACCTGTTCAGAAAGGAAGGACAGAATGTGACCCTGAGTTGTGAACAGAATTTGAACCACGATGCCATGTACTGGTACCGACAGGACCCAGGGCAAGGGCTGAGATTGATCTACTACTCACAGATAGTAAATGACTTTCAGAAAGGAGATATAGCTGAAGGGTACAGCGTCTCTCGGGAGAAGAAGGAATCCTTTCCTCTCACTGTGACATCGGCCCAAAAGAACCCGACAGCTTTCTATCTCTGTGCCAGTAGTTTTTTCCACACAGATACGCAGTATTTTGGCCCAGGCACCCGGCTGACAGTGCTCGAGGACCTGAAAAACGTGTTCCCACCCGAGGTCGCTGTGTTTGAGCCATCAGA
CAGHMYSGGGADGLTF|CASSQDHQSGLAGVFHEQYF,TRAV25,TRAJ45,CAGHMYSGGGADGLTF,TGTGCAGGGCATATGTATTCAGGAGGAGGTGCTGACGGACTCACCTTT,TRBV6-5,TRBJ2-7,TRBC2,CASSQDHQSGLAGVFHEQYF,TGTGCCAGCAGTCAGGACCATCAATCGGGACTAGCGGGAGTTTTCCACGAGCAGTACTTC,ACTACTTTAAGCAAT,TTLSN,TTAGTGAAGAGTGGAGAAGTG,LVKSGEV,ATGAACCATGAATAC,MNHEY,TCAGTTGGTGCTGGTATC,SVGAGI,ATACCCCGTAGCAGTT-1_contig_2,ATACCCCGTAGCAGTT-1_contig_1,ACTATTTCTATTGATCTGGAAGAAGCTTGTACCAGGCAACCCATTTAGGAGAAGTTGGATGAAGAGGGAGAGGGAGATGCTACTCATCACATCAATGTTGGTCTTATGGATGCAATTGTCACAGGTGAATGGACAACAGGTAATGCAAATTCCTCAGTACCAGCATGTACAAGAAGGAGAGGACTTCACCACGTACTGCAATTCCTCAACTACTTTAAGCAATATACAGTGGTATAAGCAAAGGCCTGGTGGACATCCCGTTTTTTTGATACAGTTAGTGAAGAGTGGAGAAGTGAAGAAGCAGAAAAGACTGACATTTCAGTTTGGAGAAGCAAAAAAGAACAGCTCCCTGCACATCACAGCCACCCAGACTACAGATGTAGGAACCTACTTCTGTGCAGGGCATATGTATTCAGGAGGAGGTGCTGACGGACTCACCTTTGGCAAAGGGACTCATCTAATCATCCAGCCCTATATCCAGAACCCTGACCCTGCCGTGTACCAGCTGAGAGACT,GAGAGTCCTGCTCCCCTTTCATCAATGCACAGATACAGAAGACCCCTCCGTCATGCAGCATCTGCCATGAGCATCGGCCTCCTGTGCTGTGCAGCCTTGTCTCTCCTGTGGGCAGGTCCAGTGAATGCTGGTGTCACTCAGACCCCAAAATTCCAGGTCCTGAAGACAGGACAGAGCATGACACTGCAGTGTGCCCAGGATATGAACCATGAATACATGTCCTGGTATCGACAAGACCCAGGCATGGGGCTGAGGCTGATTCATTACTCAGTTGGTGCTGGTATCACTGACCAAGGAGAAGTCCCCAATGGCTACAATGTCTCCAGATCAACCACAGAGGATTTCCCGCTCAGGCTGCTGTCGGCTGCTCCCTCCCAGACATCTGTGTACTTCTGTGCCAGCAGTCAGGACCATCAATCGGGACTAGCGGGAGTTTTCCACGAGCAGTACTTCGGGCCGGGCACCAGGCTCACGGTCACAGAGGACCTGAAAAACGTGTTCCCACCCGAGGTCGCTGTGTTTGAGCCATCAGA